Feature,Mean,Std,Min,Max
Sepal.Length,5.843333333333334,0.8253012917851409,4.3,7.9
Sepal.Width,3.0573333333333337,0.4344109677354946,2.0,4.4
Petal.Length,3.7580000000000005,1.759404065775303,1.0,6.9
Petal.Width,1.1993333333333336,0.7596926279021594,0.1,2.5
