Feature,Mean,Std,Min,Max,Q1,Median,Q3
Sepal.Length,5.843333333333334,0.828066127977863,4.3,7.9,5.1,5.8,6.4
Sepal.Width,3.0573333333333337,0.4358662849366982,2.0,4.4,2.8,3.0,3.3
Petal.Length,3.7580000000000005,1.7652982332594662,1.0,6.9,1.6,4.35,5.1
Petal.Width,1.1993333333333336,0.7622376689603465,0.1,2.5,0.3,1.3,1.8
