,Sepal.Length,Sepal.Width,Petal.Length,Petal.Width
Sepal.Length,1.0,-0.11756978413300088,0.8717537758865838,0.8179411262715758
Sepal.Width,-0.11756978413300088,1.0,-0.42844010433053864,-0.3661259325364377
Petal.Length,0.8717537758865838,-0.42844010433053864,1.0,0.962865431402796
Petal.Width,0.8179411262715758,-0.3661259325364377,0.962865431402796,1.0
