max_depth,Accuracy,Macro_Precision,Macro_Recall,Macro_Specificity
1,0.7111111111111111,0.5,0.6666666666666666,0.8645833333333334
2,0.9777777777777777,0.9761904761904763,0.9743589743589745,0.9895833333333334
3,0.9555555555555556,0.9555555555555556,0.9487179487179488,0.9791666666666666
4,0.9555555555555556,0.9555555555555556,0.9487179487179488,0.9791666666666666
5,0.9555555555555556,0.9555555555555556,0.9487179487179488,0.9791666666666666
None,0.9555555555555556,0.9555555555555556,0.9487179487179488,0.9791666666666666
