Class,Precision,Recall,Specificity
0,1.0,1.0,1.0
1,1.0,0.9230769230769231,1.0
2,0.9285714285714286,1.0,0.96875
Macro Avg,0.9761904761904763,0.9743589743589745,0.9895833333333334
